[{"model": "service_development.voicelabel", "pk": 1, "fields": {"name": "Dutch language", "description": "Nederlandse taal"}}, {"model": "service_development.voicelabel", "pk": 2, "fields": {"name": "General error message", "description": ""}}, {"model": "service_development.voicelabel", "pk": 3, "fields": {"name": "This is the truth", "description": ""}}, {"model": "service_development.voicelabel", "pk": 4, "fields": {"name": "English language", "description": ""}}, {"model": "service_development.voicelabel", "pk": 5, "fields": {"name": "Thank you for using this service", "description": ""}}, {"model": "service_development.voicelabel", "pk": 6, "fields": {"name": "Wow, it must be a really boring guy!", "description": ""}}, {"model": "service_development.voicelabel", "pk": 7, "fields": {"name": "French language", "description": ""}}, {"model": "service_development.voicelabel", "pk": 8, "fields": {"name": "Please select your language", "description": ""}}, {"model": "service_development.voicelabel", "pk": 9, "fields": {"name": "Pre Choice Option", "description": ""}}, {"model": "service_development.voicelabel", "pk": 10, "fields": {"name": "Post Choice Option", "description": ""}}, {"model": "service_development.voicelabel", "pk": 11, "fields": {"name": "One", "description": ""}}, {"model": "service_development.voicelabel", "pk": 12, "fields": {"name": "Two", "description": ""}}, {"model": "service_development.voicelabel", "pk": 13, "fields": {"name": "Three", "description": ""}}, {"model": "service_development.voicelabel", "pk": 14, "fields": {"name": "Four", "description": ""}}, {"model": "service_development.voicelabel", "pk": 15, "fields": {"name": "Five", "description": ""}}, {"model": "service_development.voicelabel", "pk": 16, "fields": {"name": "Six", "description": ""}}, {"model": "service_development.voicelabel", "pk": 17, "fields": {"name": "Seven", "description": ""}}, {"model": "service_development.voicelabel", "pk": 18, "fields": {"name": "Eight", "description": ""}}, {"model": "service_development.voicelabel", "pk": 19, "fields": {"name": "Nine", "description": ""}}, {"model": "service_development.voicelabel", "pk": 20, "fields": {"name": "Zero", "description": ""}}, {"model": "service_development.voicelabel", "pk": 21, "fields": {"name": "Yes", "description": null}}, {"model": "service_development.voicelabel", "pk": 22, "fields": {"name": "No", "description": null}}, {"model": "service_development.voicelabel", "pk": 23, "fields": {"name": "Does the king like to drink beer?", "description": ""}}, {"model": "service_development.voicelabel", "pk": 25, "fields": {"name": "Please speak your message", "description": ""}}, {"model": "service_development.voicelabel", "pk": 27, "fields": {"name": "Explanation", "description": null}}, {"model": "service_development.voicelabel", "pk": 28, "fields": {"name": "Would you like some explanation?", "description": null}}, {"model": "service_development.voicelabel", "pk": 29, "fields": {"name": "Would you like to cancel the call?", "description": null}}, {"model": "service_development.voicelabel", "pk": 30, "fields": {"name": "Please fill in the amount of fallen rain", "description": null}}, {"model": "service_development.voicelabel", "pk": 31, "fields": {"name": "Please fill in your Farmer ID", "description": null}}, {"model": "service_development.voicelabel", "pk": 32, "fields": {"name": "You have already filled something in", "description": null}}, {"model": "service_development.voicelabel", "pk": 33, "fields": {"name": "Thank you for registering your rain", "description": null}}, {"model": "service_development.voicelabel", "pk": 34, "fields": {"name": "What would you like to do?", "description": null}}, {"model": "service_development.voicelabel", "pk": 35, "fields": {"name": "Listen to explanation", "description": null}}, {"model": "service_development.voicelabel", "pk": 36, "fields": {"name": "Stop call", "description": null}}, {"model": "service_development.voicelabel", "pk": 37, "fields": {"name": "Reminder", "description": null}}, {"model": "service_development.voicelabel", "pk": 38, "fields": {"name": "Or would you like to alter your input?", "description": null}}, {"model": "service_development.voicelabel", "pk": 39, "fields": {"name": "Alter input", "description": null}}, {"model": "service_development.voicelabel", "pk": 40, "fields": {"name": "Here you can fill in your Farmer ID", "description": null}}, {"model": "service_development.voicelabel", "pk": 41, "fields": {"name": "Use keypad to fill Farmer ID", "description": null}}, {"model": "service_development.voicelabel", "pk": 42, "fields": {"name": "Ask confirmation", "description": null}}, {"model": "service_development.voicelabel", "pk": 43, "fields": {"name": "Thank you for your input", "description": null}}, {"model": "service_development.voicelabel", "pk": 44, "fields": {"name": "Here you can fill the amount of fallen rain", "description": null}}, {"model": "service_development.voicelabel", "pk": 45, "fields": {"name": "Use keypad to fill amount of fallen rain", "description": null}}, {"model": "service_development.language", "pk": 1, "fields": {"name": "Nederlands", "code": "nl", "voice_label": 1, "error_message": 2, "select_language": 8, "pre_choice_option": 9, "post_choice_option": 10, "one": 11, "two": 12, "three": 13, "four": 14, "five": 15, "six": 16, "seven": 17, "eight": 18, "nine": 19, "zero": 20}}, {"model": "service_development.language", "pk": 2, "fields": {"name": "English", "code": "en", "voice_label": 4, "error_message": 2, "select_language": 8, "pre_choice_option": 9, "post_choice_option": 10, "one": 11, "two": 12, "three": 13, "four": 14, "five": 15, "six": 16, "seven": 17, "eight": 18, "nine": 19, "zero": 20}}, {"model": "service_development.language", "pk": 3, "fields": {"name": "Francais", "code": "fr", "voice_label": 7, "error_message": 2, "select_language": 8, "pre_choice_option": 9, "post_choice_option": 10, "one": 11, "two": 12, "three": 13, "four": 14, "five": 15, "six": 16, "seven": 17, "eight": 18, "nine": 19, "zero": 20}}, {"model": "service_development.voicefragment", "pk": 1, "fields": {"parent": 6, "language": 2, "audio": "boring_guy_en.wav"}}, {"model": "service_development.voicefragment", "pk": 2, "fields": {"parent": 6, "language": 1, "audio": "boring_guy_nl.wav"}}, {"model": "service_development.voicefragment", "pk": 6, "fields": {"parent": 22, "language": 1, "audio": "no_nl.wav"}}, {"model": "service_development.voicefragment", "pk": 7, "fields": {"parent": 22, "language": 2, "audio": "no_en_FVspHNj.wav"}}, {"model": "service_development.voicefragment", "pk": 8, "fields": {"parent": 22, "language": 3, "audio": "no_fr.wav"}}, {"model": "service_development.voicefragment", "pk": 9, "fields": {"parent": 21, "language": 1, "audio": "yes_nl.wav"}}, {"model": "service_development.voicefragment", "pk": 10, "fields": {"parent": 21, "language": 2, "audio": "yes_en_NIZKnpB.wav"}}, {"model": "service_development.voicefragment", "pk": 11, "fields": {"parent": 21, "language": 3, "audio": "yes_fr.wav"}}, {"model": "service_development.voicefragment", "pk": 12, "fields": {"parent": 20, "language": 1, "audio": "0_nl.wav"}}, {"model": "service_development.voicefragment", "pk": 13, "fields": {"parent": 20, "language": 2, "audio": "0_en.wav"}}, {"model": "service_development.voicefragment", "pk": 14, "fields": {"parent": 20, "language": 3, "audio": "0_fr.wav"}}, {"model": "service_development.voicefragment", "pk": 15, "fields": {"parent": 19, "language": 1, "audio": "9_nl.wav"}}, {"model": "service_development.voicefragment", "pk": 16, "fields": {"parent": 19, "language": 2, "audio": "9_fr.wav"}}, {"model": "service_development.voicefragment", "pk": 17, "fields": {"parent": 19, "language": 3, "audio": "9_en.wav"}}, {"model": "service_development.voicefragment", "pk": 18, "fields": {"parent": 18, "language": 1, "audio": "8_nl.wav"}}, {"model": "service_development.voicefragment", "pk": 19, "fields": {"parent": 18, "language": 2, "audio": "8_en.wav"}}, {"model": "service_development.voicefragment", "pk": 20, "fields": {"parent": 18, "language": 3, "audio": "8_fr.wav"}}, {"model": "service_development.voicefragment", "pk": 21, "fields": {"parent": 17, "language": 1, "audio": "7_nl.wav"}}, {"model": "service_development.voicefragment", "pk": 22, "fields": {"parent": 17, "language": 2, "audio": "7_en.wav"}}, {"model": "service_development.voicefragment", "pk": 23, "fields": {"parent": 17, "language": 3, "audio": "7_fr.wav"}}, {"model": "service_development.voicefragment", "pk": 24, "fields": {"parent": 16, "language": 1, "audio": "6_nl.wav"}}, {"model": "service_development.voicefragment", "pk": 25, "fields": {"parent": 16, "language": 2, "audio": "6_en.wav"}}, {"model": "service_development.voicefragment", "pk": 26, "fields": {"parent": 16, "language": 3, "audio": "6_fr.wav"}}, {"model": "service_development.voicefragment", "pk": 27, "fields": {"parent": 15, "language": 1, "audio": "5_nl.wav"}}, {"model": "service_development.voicefragment", "pk": 28, "fields": {"parent": 15, "language": 2, "audio": "5_en.wav"}}, {"model": "service_development.voicefragment", "pk": 29, "fields": {"parent": 15, "language": 3, "audio": "5_fr.wav"}}, {"model": "service_development.voicefragment", "pk": 30, "fields": {"parent": 14, "language": 1, "audio": "4_nl.wav"}}, {"model": "service_development.voicefragment", "pk": 31, "fields": {"parent": 14, "language": 2, "audio": "4_fr.wav"}}, {"model": "service_development.voicefragment", "pk": 32, "fields": {"parent": 14, "language": 3, "audio": "4_en.wav"}}, {"model": "service_development.voicefragment", "pk": 33, "fields": {"parent": 13, "language": 1, "audio": "3_nl.wav"}}, {"model": "service_development.voicefragment", "pk": 34, "fields": {"parent": 13, "language": 2, "audio": "3_en.wav"}}, {"model": "service_development.voicefragment", "pk": 35, "fields": {"parent": 13, "language": 3, "audio": "3_fr.wav"}}, {"model": "service_development.voicefragment", "pk": 36, "fields": {"parent": 12, "language": 1, "audio": "2_nl.wav"}}, {"model": "service_development.voicefragment", "pk": 37, "fields": {"parent": 12, "language": 2, "audio": "2_en.wav"}}, {"model": "service_development.voicefragment", "pk": 38, "fields": {"parent": 12, "language": 3, "audio": "2_fr.wav"}}, {"model": "service_development.voicefragment", "pk": 39, "fields": {"parent": 11, "language": 1, "audio": "1_nl.wav"}}, {"model": "service_development.voicefragment", "pk": 40, "fields": {"parent": 11, "language": 2, "audio": "1_en.wav"}}, {"model": "service_development.voicefragment", "pk": 41, "fields": {"parent": 11, "language": 3, "audio": "1_fr.wav"}}, {"model": "service_development.voicefragment", "pk": 42, "fields": {"parent": 10, "language": 1, "audio": "post_choice_option_nl.wav"}}, {"model": "service_development.voicefragment", "pk": 43, "fields": {"parent": 10, "language": 2, "audio": "post_choice_option_en.wav"}}, {"model": "service_development.voicefragment", "pk": 44, "fields": {"parent": 10, "language": 3, "audio": "post_choice_option_fr.wav"}}, {"model": "service_development.voicefragment", "pk": 45, "fields": {"parent": 9, "language": 1, "audio": "pre_choice_option_nl.wav"}}, {"model": "service_development.voicefragment", "pk": 46, "fields": {"parent": 9, "language": 2, "audio": "pre_choice_option_en.wav"}}, {"model": "service_development.voicefragment", "pk": 47, "fields": {"parent": 9, "language": 3, "audio": "pre_choice_option_fr.wav"}}, {"model": "service_development.voicefragment", "pk": 48, "fields": {"parent": 8, "language": 1, "audio": "select_language_nl.wav"}}, {"model": "service_development.voicefragment", "pk": 49, "fields": {"parent": 8, "language": 2, "audio": "select_language_en.wav"}}, {"model": "service_development.voicefragment", "pk": 50, "fields": {"parent": 8, "language": 3, "audio": "select_language_fr.wav"}}, {"model": "service_development.voicefragment", "pk": 51, "fields": {"parent": 7, "language": 1, "audio": "french_nl.wav"}}, {"model": "service_development.voicefragment", "pk": 52, "fields": {"parent": 7, "language": 2, "audio": "french_en.wav"}}, {"model": "service_development.voicefragment", "pk": 53, "fields": {"parent": 7, "language": 3, "audio": "french_fr.wav"}}, {"model": "service_development.voicefragment", "pk": 54, "fields": {"parent": 6, "language": 3, "audio": "boring_guy_fr.wav"}}, {"model": "service_development.voicefragment", "pk": 55, "fields": {"parent": 5, "language": 1, "audio": "thank_you_for_using_nl.wav"}}, {"model": "service_development.voicefragment", "pk": 56, "fields": {"parent": 5, "language": 2, "audio": "thank_you_for_using_en.wav"}}, {"model": "service_development.voicefragment", "pk": 57, "fields": {"parent": 5, "language": 3, "audio": "thank_you_for_using_fr.wav"}}, {"model": "service_development.voicefragment", "pk": 58, "fields": {"parent": 4, "language": 1, "audio": "english_nl.wav"}}, {"model": "service_development.voicefragment", "pk": 59, "fields": {"parent": 4, "language": 2, "audio": "english_en.wav"}}, {"model": "service_development.voicefragment", "pk": 60, "fields": {"parent": 4, "language": 3, "audio": "english_fr.wav"}}, {"model": "service_development.voicefragment", "pk": 61, "fields": {"parent": 3, "language": 1, "audio": "truth_nl.wav"}}, {"model": "service_development.voicefragment", "pk": 62, "fields": {"parent": 3, "language": 2, "audio": "truth_en.wav"}}, {"model": "service_development.voicefragment", "pk": 63, "fields": {"parent": 3, "language": 3, "audio": "truth_fr.wav"}}, {"model": "service_development.voicefragment", "pk": 64, "fields": {"parent": 2, "language": 1, "audio": "error_nl.wav"}}, {"model": "service_development.voicefragment", "pk": 65, "fields": {"parent": 2, "language": 2, "audio": "error_en.wav"}}, {"model": "service_development.voicefragment", "pk": 66, "fields": {"parent": 2, "language": 3, "audio": "error_fr.wav"}}, {"model": "service_development.voicefragment", "pk": 67, "fields": {"parent": 1, "language": 1, "audio": "dutch_nl.wav"}}, {"model": "service_development.voicefragment", "pk": 68, "fields": {"parent": 1, "language": 2, "audio": "dutch_en.wav"}}, {"model": "service_development.voicefragment", "pk": 69, "fields": {"parent": 1, "language": 3, "audio": "dutch_fr.wav"}}, {"model": "service_development.voicefragment", "pk": 70, "fields": {"parent": 23, "language": 1, "audio": "king_question_nl.wav"}}, {"model": "service_development.voicefragment", "pk": 71, "fields": {"parent": 23, "language": 2, "audio": "king_question_en.wav"}}, {"model": "service_development.voicefragment", "pk": 72, "fields": {"parent": 23, "language": 3, "audio": "king_question_fr.wav"}}, {"model": "service_development.voicefragment", "pk": 74, "fields": {"parent": 25, "language": 3, "audio": "speakYourMessage.wav"}}, {"model": "service_development.voicefragment", "pk": 77, "fields": {"parent": 27, "language": 2, "audio": "the-petrichor-service-is-a-way1552566838.wav"}}, {"model": "service_development.voicefragment", "pk": 78, "fields": {"parent": 28, "language": 2, "audio": "petrichor-would-you-like-an-explanation-en.wav"}}, {"model": "service_development.voicefragment", "pk": 79, "fields": {"parent": 29, "language": 2, "audio": "petrichor-would-you-like-to-cancel-the-call-en_wy9zM5Z.wav"}}, {"model": "service_development.voicefragment", "pk": 80, "fields": {"parent": 30, "language": 2, "audio": "please-fill-in-the-amount-of1552567696.wav"}}, {"model": "service_development.voicefragment", "pk": 81, "fields": {"parent": 31, "language": 2, "audio": "petrichor-please-fill-in-your-farmer-id-en_JbfjmTo.wav"}}, {"model": "service_development.voicefragment", "pk": 82, "fields": {"parent": 32, "language": 2, "audio": "petrichor-you-have-already-filled-in-en.wav"}}, {"model": "service_development.voicefragment", "pk": 83, "fields": {"parent": 33, "language": 2, "audio": "Petrichor-thank-you-for-registering-your-rain-en.wav"}}, {"model": "service_development.voicefragment", "pk": 84, "fields": {"parent": 34, "language": 2, "audio": "Petrichor-what-would-you-like-to-do-next-en.wav"}}, {"model": "service_development.voicefragment", "pk": 85, "fields": {"parent": 35, "language": 2, "audio": "listen-to-explanation1552066642.wav"}}, {"model": "service_development.voicefragment", "pk": 86, "fields": {"parent": 36, "language": 2, "audio": "stop-call1552066013.wav"}}, {"model": "service_development.voicefragment", "pk": 87, "fields": {"parent": 37, "language": 2, "audio": "hello-petrichor-has-noticed-that-you1552066018.wav"}}, {"model": "service_development.voicefragment", "pk": 88, "fields": {"parent": 38, "language": 2, "audio": "or-would-you-like-to-alter1552245606.wav"}}, {"model": "service_development.voicefragment", "pk": 89, "fields": {"parent": 39, "language": 2, "audio": "alter-input1552245762.wav"}}, {"model": "service_development.voicefragment", "pk": 90, "fields": {"parent": 40, "language": 2, "audio": "here-you-can-fill-in-your1552567721.wav"}}, {"model": "service_development.voicefragment", "pk": 91, "fields": {"parent": 41, "language": 2, "audio": "please-use-your-keypad-to-fill1552573164.wav"}}, {"model": "service_development.voicefragment", "pk": 92, "fields": {"parent": 42, "language": 2, "audio": "are-you-satisfied-with-your-input1552573200.wav"}}, {"model": "service_development.voicefragment", "pk": 93, "fields": {"parent": 43, "language": 2, "audio": "thank-you-for-your-input-the1552573205.wav"}}, {"model": "service_development.voicefragment", "pk": 94, "fields": {"parent": 44, "language": 2, "audio": "here-you-can-fill-in-the1552573218.wav"}}, {"model": "service_development.voicefragment", "pk": 95, "fields": {"parent": 45, "language": 2, "audio": "here-you-can-fill-in-the1552573218_mF8BseE.wav"}}, {"model": "service_development.voiceservicesubelement", "pk": 2, "fields": {"service": 1, "creation_date": "2017-04-23T19:30:23.792Z", "modification_date": "2019-03-08T12:10:22.305Z", "name": "Does the king like to drink beer?", "description": "", "voice_label": 23}}, {"model": "service_development.voiceservicesubelement", "pk": 3, "fields": {"service": 1, "creation_date": "2017-04-23T19:32:07.853Z", "modification_date": "2018-01-25T14:35:48.977Z", "name": "Yes", "description": "King <3's BEER", "voice_label": 21}}, {"model": "service_development.voiceservicesubelement", "pk": 4, "fields": {"service": 1, "creation_date": "2017-04-23T19:32:07.854Z", "modification_date": "2018-02-16T16:42:26.405Z", "name": "No", "description": "", "voice_label": 22}}, {"model": "service_development.voiceservicesubelement", "pk": 5, "fields": {"service": 1, "creation_date": "2017-04-23T19:49:50.055Z", "modification_date": "2018-02-16T16:42:51.484Z", "name": "This is the truth", "description": "", "voice_label": 3}}, {"model": "service_development.voiceservicesubelement", "pk": 6, "fields": {"service": 1, "creation_date": "2017-04-23T21:11:06.805Z", "modification_date": "2017-04-23T21:33:29.853Z", "name": "Thank you for using this service", "description": "", "voice_label": 5}}, {"model": "service_development.voiceservicesubelement", "pk": 7, "fields": {"service": 1, "creation_date": "2017-04-23T21:36:55.756Z", "modification_date": "2017-04-23T21:36:55.756Z", "name": "King is boring", "description": "", "voice_label": 6}}, {"model": "service_development.voiceservicesubelement", "pk": 11, "fields": {"service": 3, "creation_date": "2019-03-08T13:07:26.278Z", "modification_date": "2019-03-08T18:32:31.040Z", "name": "Would you like some explanation?", "description": "Provides the user with information about what he has to do", "voice_label": 28}}, {"model": "service_development.voiceservicesubelement", "pk": 12, "fields": {"service": 3, "creation_date": "2019-03-08T13:07:26.283Z", "modification_date": "2019-03-08T16:51:10.990Z", "name": "Yes", "description": "", "voice_label": 21}}, {"model": "service_development.voiceservicesubelement", "pk": 13, "fields": {"service": 3, "creation_date": "2019-03-08T13:07:26.284Z", "modification_date": "2019-03-08T16:51:10.991Z", "name": "No", "description": "", "voice_label": 22}}, {"model": "service_development.voiceservicesubelement", "pk": 15, "fields": {"service": 3, "creation_date": "2019-03-08T16:42:20.124Z", "modification_date": "2019-03-08T18:31:23.191Z", "name": "What would you like to do?", "description": "", "voice_label": 34}}, {"model": "service_development.voiceservicesubelement", "pk": 16, "fields": {"service": 3, "creation_date": "2019-03-08T16:42:20.127Z", "modification_date": "2019-03-08T17:29:49.839Z", "name": "Stop call", "description": "", "voice_label": 36}}, {"model": "service_development.voiceservicesubelement", "pk": 17, "fields": {"service": 3, "creation_date": "2019-03-08T16:42:20.128Z", "modification_date": "2019-03-08T17:27:42.508Z", "name": "Fill in data", "description": "", "voice_label": 31}}, {"model": "service_development.voiceservicesubelement", "pk": 18, "fields": {"service": 3, "creation_date": "2019-03-08T16:44:59.849Z", "modification_date": "2019-03-08T17:41:23.299Z", "name": "Read explanation", "description": "", "voice_label": 27}}, {"model": "service_development.voiceservicesubelement", "pk": 21, "fields": {"service": 3, "creation_date": "2019-03-08T16:50:05.399Z", "modification_date": "2019-03-08T17:31:35.278Z", "name": "Thank you for registering your rain", "description": "", "voice_label": 33}}, {"model": "service_development.voiceservicesubelement", "pk": 22, "fields": {"service": 3, "creation_date": "2019-03-08T16:53:26.146Z", "modification_date": "2019-03-08T17:30:08.497Z", "name": "Do you want to end the call?", "description": "", "voice_label": 29}}, {"model": "service_development.voiceservicesubelement", "pk": 23, "fields": {"service": 3, "creation_date": "2019-03-08T16:53:26.149Z", "modification_date": "2019-03-08T17:29:12.678Z", "name": "Yes", "description": "", "voice_label": 21}}, {"model": "service_development.voiceservicesubelement", "pk": 24, "fields": {"service": 3, "creation_date": "2019-03-08T16:53:26.150Z", "modification_date": "2019-03-08T17:30:08.501Z", "name": "No", "description": "", "voice_label": 22}}, {"model": "service_development.voiceservicesubelement", "pk": 25, "fields": {"service": 3, "creation_date": "2019-03-08T16:55:19.570Z", "modification_date": "2019-03-08T17:27:42.509Z", "name": "Listen to explanation", "description": "", "voice_label": 35}}, {"model": "service_development.voiceservicesubelement", "pk": 26, "fields": {"service": 3, "creation_date": "2019-03-08T17:27:36.462Z", "modification_date": "2019-03-08T17:27:36.462Z", "name": "End Call", "description": "", "voice_label": 36}}, {"model": "service_development.voiceservicesubelement", "pk": 27, "fields": {"service": 3, "creation_date": "2019-03-08T17:33:44.864Z", "modification_date": "2019-03-10T19:26:58.023Z", "name": "You have already filled something in", "description": "", "voice_label": 32}}, {"model": "service_development.voiceservicesubelement", "pk": 28, "fields": {"service": 3, "creation_date": "2019-03-08T17:38:02.189Z", "modification_date": "2019-03-08T17:38:02.189Z", "name": "Reminder", "description": "", "voice_label": 37}}, {"model": "service_development.voiceservicesubelement", "pk": 30, "fields": {"service": 3, "creation_date": "2019-03-10T19:26:10.802Z", "modification_date": "2019-03-10T19:28:29.738Z", "name": "Or would you like to alter your input?", "description": "", "voice_label": 38}}, {"model": "service_development.voiceservicesubelement", "pk": 31, "fields": {"service": 3, "creation_date": "2019-03-10T19:26:10.805Z", "modification_date": "2019-03-10T19:26:10.805Z", "name": "Alter input", "description": "", "voice_label": 39}}, {"model": "service_development.voiceservicesubelement", "pk": 32, "fields": {"service": 3, "creation_date": "2019-03-10T19:26:10.805Z", "modification_date": "2019-03-10T19:26:10.805Z", "name": "End Call", "description": "", "voice_label": 36}}, {"model": "service_development.voiceservicesubelement", "pk": 33, "fields": {"service": 3, "creation_date": "2019-03-14T14:26:42.784Z", "modification_date": "2019-03-14T14:31:31.998Z", "name": "Fill in Farmer ID", "description": "", "voice_label": 40}}, {"model": "service_development.voiceservicesubelement", "pk": 34, "fields": {"service": 3, "creation_date": "2019-03-14T14:30:13.400Z", "modification_date": "2019-03-14T14:31:45.371Z", "name": "Fill in fallen rain", "description": "", "voice_label": 44}}, {"model": "service_development.voiceserviceelement", "pk": 2, "fields": {}}, {"model": "service_development.voiceserviceelement", "pk": 5, "fields": {}}, {"model": "service_development.voiceserviceelement", "pk": 6, "fields": {}}, {"model": "service_development.voiceserviceelement", "pk": 7, "fields": {}}, {"model": "service_development.voiceserviceelement", "pk": 11, "fields": {}}, {"model": "service_development.voiceserviceelement", "pk": 15, "fields": {}}, {"model": "service_development.voiceserviceelement", "pk": 18, "fields": {}}, {"model": "service_development.voiceserviceelement", "pk": 21, "fields": {}}, {"model": "service_development.voiceserviceelement", "pk": 22, "fields": {}}, {"model": "service_development.voiceserviceelement", "pk": 26, "fields": {}}, {"model": "service_development.voiceserviceelement", "pk": 27, "fields": {}}, {"model": "service_development.voiceserviceelement", "pk": 28, "fields": {}}, {"model": "service_development.voiceserviceelement", "pk": 30, "fields": {}}, {"model": "service_development.voiceserviceelement", "pk": 33, "fields": {}}, {"model": "service_development.voiceserviceelement", "pk": 34, "fields": {}}, {"model": "service_development.voiceservice", "pk": 1, "fields": {"name": "King's truth checker", "description": "Checks the user's knowledge about the king of the Netherlands", "creation_date": "2017-04-23T19:23:52.392Z", "modification_date": "2019-03-08T12:08:14.480Z", "active": false, "_start_element": 2, "registration": "preferred", "registration_language": true, "registration_name": false, "supported_languages": [1, 2, 3]}}, {"model": "service_development.voiceservice", "pk": 3, "fields": {"name": "Petrichor", "description": "The service to collect rain data", "creation_date": "2019-03-08T12:58:11.868Z", "modification_date": "2019-03-11T11:04:19.102Z", "active": true, "_start_element": 15, "registration": "disabled", "registration_language": false, "registration_name": false, "supported_languages": [2]}}, {"model": "service_development.kasadakauser", "pk": 1, "fields": {"caller_id": "456", "first_name": "Henk", "last_name": "Ernia", "creation_date": "2018-02-02T11:10:27.670Z", "modification_date": "2018-02-12T14:44:24.019Z", "language": 1, "service": 1}}, {"model": "service_development.callsession", "pk": 1, "fields": {"start": "2019-03-06T14:36:34.509Z", "end": null, "user": null, "caller_id": "12345", "service": 1, "_language": null}}, {"model": "service_development.callsession", "pk": 2, "fields": {"start": "2019-03-06T14:37:51.807Z", "end": null, "user": null, "caller_id": "12345", "service": 1, "_language": null}}, {"model": "service_development.callsession", "pk": 3, "fields": {"start": "2019-03-06T14:53:29.502Z", "end": null, "user": null, "caller_id": "12345", "service": 1, "_language": null}}, {"model": "service_development.callsession", "pk": 4, "fields": {"start": "2019-03-06T15:58:41.025Z", "end": null, "user": null, "caller_id": "12345", "service": 1, "_language": null}}, {"model": "service_development.choice", "pk": 2, "fields": {}}, {"model": "service_development.choice", "pk": 11, "fields": {}}, {"model": "service_development.choice", "pk": 15, "fields": {}}, {"model": "service_development.choice", "pk": 22, "fields": {}}, {"model": "service_development.choice", "pk": 30, "fields": {}}, {"model": "service_development.choiceoption", "pk": 3, "fields": {"parent": 2, "_redirect": 5}}, {"model": "service_development.choiceoption", "pk": 4, "fields": {"parent": 2, "_redirect": 7}}, {"model": "service_development.choiceoption", "pk": 12, "fields": {"parent": 11, "_redirect": 18}}, {"model": "service_development.choiceoption", "pk": 13, "fields": {"parent": 11, "_redirect": 15}}, {"model": "service_development.choiceoption", "pk": 16, "fields": {"parent": 15, "_redirect": 22}}, {"model": "service_development.choiceoption", "pk": 17, "fields": {"parent": 15, "_redirect": null}}, {"model": "service_development.choiceoption", "pk": 23, "fields": {"parent": 22, "_redirect": 26}}, {"model": "service_development.choiceoption", "pk": 24, "fields": {"parent": 22, "_redirect": 15}}, {"model": "service_development.choiceoption", "pk": 25, "fields": {"parent": 15, "_redirect": 18}}, {"model": "service_development.choiceoption", "pk": 31, "fields": {"parent": 30, "_redirect": null}}, {"model": "service_development.choiceoption", "pk": 32, "fields": {"parent": 30, "_redirect": 22}}, {"model": "service_development.messagepresentation", "pk": 5, "fields": {"final_element": false, "_redirect": 6}}, {"model": "service_development.messagepresentation", "pk": 6, "fields": {"final_element": true, "_redirect": null}}, {"model": "service_development.messagepresentation", "pk": 7, "fields": {"final_element": false, "_redirect": 6}}, {"model": "service_development.messagepresentation", "pk": 18, "fields": {"final_element": false, "_redirect": 15}}, {"model": "service_development.messagepresentation", "pk": 21, "fields": {"final_element": false, "_redirect": 26}}, {"model": "service_development.messagepresentation", "pk": 26, "fields": {"final_element": true, "_redirect": null}}, {"model": "service_development.messagepresentation", "pk": 27, "fields": {"final_element": false, "_redirect": 30}}, {"model": "service_development.messagepresentation", "pk": 28, "fields": {"final_element": false, "_redirect": 15}}, {"model": "service_development.userinputcategory", "pk": 1, "fields": {"name": "FarmerID", "description": null, "service": 3}}, {"model": "service_development.userinputcategory", "pk": 2, "fields": {"name": "Rain", "description": null, "service": 3}}, {"model": "service_development.inputdata", "pk": 33, "fields": {"ask_input_label": true, "input_voice_label": 41, "ask_confirmation": true, "ask_confirmation_voice_label": 42, "final_voice_label": 43, "input_category": 1, "_redirect": 34}}, {"model": "service_development.inputdata", "pk": 34, "fields": {"ask_input_label": true, "input_voice_label": 45, "ask_confirmation": true, "ask_confirmation_voice_label": 42, "final_voice_label": 43, "input_category": 2, "_redirect": 21}}, {"model": "contenttypes.contenttype", "pk": 1, "fields": {"app_label": "service_development", "model": "voicelabel"}}, {"model": "contenttypes.contenttype", "pk": 2, "fields": {"app_label": "service_development", "model": "language"}}, {"model": "contenttypes.contenttype", "pk": 3, "fields": {"app_label": "service_development", "model": "voicefragment"}}, {"model": "contenttypes.contenttype", "pk": 4, "fields": {"app_label": "service_development", "model": "voiceservicesubelement"}}, {"model": "contenttypes.contenttype", "pk": 5, "fields": {"app_label": "service_development", "model": "voiceserviceelement"}}, {"model": "contenttypes.contenttype", "pk": 6, "fields": {"app_label": "service_development", "model": "voiceservice"}}, {"model": "contenttypes.contenttype", "pk": 7, "fields": {"app_label": "service_development", "model": "kasadakauser"}}, {"model": "contenttypes.contenttype", "pk": 8, "fields": {"app_label": "service_development", "model": "callsession"}}, {"model": "contenttypes.contenttype", "pk": 9, "fields": {"app_label": "service_development", "model": "callsessionstep"}}, {"model": "contenttypes.contenttype", "pk": 10, "fields": {"app_label": "service_development", "model": "choice"}}, {"model": "contenttypes.contenttype", "pk": 11, "fields": {"app_label": "service_development", "model": "choiceoption"}}, {"model": "contenttypes.contenttype", "pk": 12, "fields": {"app_label": "service_development", "model": "messagepresentation"}}, {"model": "contenttypes.contenttype", "pk": 13, "fields": {"app_label": "service_development", "model": "userinputcategory"}}, {"model": "contenttypes.contenttype", "pk": 14, "fields": {"app_label": "service_development", "model": "spokenuserinput"}}, {"model": "contenttypes.contenttype", "pk": 15, "fields": {"app_label": "service_development", "model": "record"}}, {"model": "contenttypes.contenttype", "pk": 16, "fields": {"app_label": "admin", "model": "logentry"}}, {"model": "contenttypes.contenttype", "pk": 17, "fields": {"app_label": "auth", "model": "permission"}}, {"model": "contenttypes.contenttype", "pk": 18, "fields": {"app_label": "auth", "model": "group"}}, {"model": "contenttypes.contenttype", "pk": 19, "fields": {"app_label": "auth", "model": "user"}}, {"model": "contenttypes.contenttype", "pk": 20, "fields": {"app_label": "contenttypes", "model": "contenttype"}}, {"model": "contenttypes.contenttype", "pk": 21, "fields": {"app_label": "sessions", "model": "session"}}, {"model": "contenttypes.contenttype", "pk": 22, "fields": {"app_label": "service_development", "model": "inputdata"}}, {"model": "contenttypes.contenttype", "pk": 23, "fields": {"app_label": "service_development", "model": "userinput"}}, {"model": "sessions.session", "pk": "2w0a7h9nb1fyw64g8gbivx8eqo4ph505", "fields": {"session_data": "Zjg5YjIyZGU2OTg2OTMyZmQxYWNhZjUyYTliYTBjODgzYmI0MTYzYzp7Il9hdXRoX3VzZXJfaWQiOiIxIiwiX2F1dGhfdXNlcl9iYWNrZW5kIjoiZGphbmdvLmNvbnRyaWIuYXV0aC5iYWNrZW5kcy5Nb2RlbEJhY2tlbmQiLCJfYXV0aF91c2VyX2hhc2giOiJlY2U0YWIxOTUzMjVjM2JlODQxNzFiZjRmYmRhNDQwZjMwYjdiZGJlIn0=", "expire_date": "2019-03-18T13:07:41.934Z"}}, {"model": "sessions.session", "pk": "fin27x7xyx59b4ablisvie9tywswepm6", "fields": {"session_data": "Zjg5YjIyZGU2OTg2OTMyZmQxYWNhZjUyYTliYTBjODgzYmI0MTYzYzp7Il9hdXRoX3VzZXJfaWQiOiIxIiwiX2F1dGhfdXNlcl9iYWNrZW5kIjoiZGphbmdvLmNvbnRyaWIuYXV0aC5iYWNrZW5kcy5Nb2RlbEJhY2tlbmQiLCJfYXV0aF91c2VyX2hhc2giOiJlY2U0YWIxOTUzMjVjM2JlODQxNzFiZjRmYmRhNDQwZjMwYjdiZGJlIn0=", "expire_date": "2019-03-15T15:59:48.362Z"}}, {"model": "sessions.session", "pk": "ijyxbmm4ibhiwiwxgeffa9ou0oboalbk", "fields": {"session_data": "Zjg5YjIyZGU2OTg2OTMyZmQxYWNhZjUyYTliYTBjODgzYmI0MTYzYzp7Il9hdXRoX3VzZXJfaWQiOiIxIiwiX2F1dGhfdXNlcl9iYWNrZW5kIjoiZGphbmdvLmNvbnRyaWIuYXV0aC5iYWNrZW5kcy5Nb2RlbEJhY2tlbmQiLCJfYXV0aF91c2VyX2hhc2giOiJlY2U0YWIxOTUzMjVjM2JlODQxNzFiZjRmYmRhNDQwZjMwYjdiZGJlIn0=", "expire_date": "2019-03-29T17:46:07.428Z"}}, {"model": "auth.permission", "pk": 1, "fields": {"name": "Can add Voice Label", "content_type": 1, "codename": "add_voicelabel"}}, {"model": "auth.permission", "pk": 2, "fields": {"name": "Can change Voice Label", "content_type": 1, "codename": "change_voicelabel"}}, {"model": "auth.permission", "pk": 3, "fields": {"name": "Can delete Voice Label", "content_type": 1, "codename": "delete_voicelabel"}}, {"model": "auth.permission", "pk": 4, "fields": {"name": "Can view Voice Label", "content_type": 1, "codename": "view_voicelabel"}}, {"model": "auth.permission", "pk": 5, "fields": {"name": "Can add Language", "content_type": 2, "codename": "add_language"}}, {"model": "auth.permission", "pk": 6, "fields": {"name": "Can change Language", "content_type": 2, "codename": "change_language"}}, {"model": "auth.permission", "pk": 7, "fields": {"name": "Can delete Language", "content_type": 2, "codename": "delete_language"}}, {"model": "auth.permission", "pk": 8, "fields": {"name": "Can view Language", "content_type": 2, "codename": "view_language"}}, {"model": "auth.permission", "pk": 9, "fields": {"name": "Can add Voice Fragment", "content_type": 3, "codename": "add_voicefragment"}}, {"model": "auth.permission", "pk": 10, "fields": {"name": "Can change Voice Fragment", "content_type": 3, "codename": "change_voicefragment"}}, {"model": "auth.permission", "pk": 11, "fields": {"name": "Can delete Voice Fragment", "content_type": 3, "codename": "delete_voicefragment"}}, {"model": "auth.permission", "pk": 12, "fields": {"name": "Can view Voice Fragment", "content_type": 3, "codename": "view_voicefragment"}}, {"model": "auth.permission", "pk": 13, "fields": {"name": "Can add Voice Service Sub-Element", "content_type": 4, "codename": "add_voiceservicesubelement"}}, {"model": "auth.permission", "pk": 14, "fields": {"name": "Can change Voice Service Sub-Element", "content_type": 4, "codename": "change_voiceservicesubelement"}}, {"model": "auth.permission", "pk": 15, "fields": {"name": "Can delete Voice Service Sub-Element", "content_type": 4, "codename": "delete_voiceservicesubelement"}}, {"model": "auth.permission", "pk": 16, "fields": {"name": "Can view Voice Service Sub-Element", "content_type": 4, "codename": "view_voiceservicesubelement"}}, {"model": "auth.permission", "pk": 17, "fields": {"name": "Can add Voice Service Element", "content_type": 5, "codename": "add_voiceserviceelement"}}, {"model": "auth.permission", "pk": 18, "fields": {"name": "Can change Voice Service Element", "content_type": 5, "codename": "change_voiceserviceelement"}}, {"model": "auth.permission", "pk": 19, "fields": {"name": "Can delete Voice Service Element", "content_type": 5, "codename": "delete_voiceserviceelement"}}, {"model": "auth.permission", "pk": 20, "fields": {"name": "Can view Voice Service Element", "content_type": 5, "codename": "view_voiceserviceelement"}}, {"model": "auth.permission", "pk": 21, "fields": {"name": "Can add Voice Service", "content_type": 6, "codename": "add_voiceservice"}}, {"model": "auth.permission", "pk": 22, "fields": {"name": "Can change Voice Service", "content_type": 6, "codename": "change_voiceservice"}}, {"model": "auth.permission", "pk": 23, "fields": {"name": "Can delete Voice Service", "content_type": 6, "codename": "delete_voiceservice"}}, {"model": "auth.permission", "pk": 24, "fields": {"name": "Can view Voice Service", "content_type": 6, "codename": "view_voiceservice"}}, {"model": "auth.permission", "pk": 25, "fields": {"name": "Can add KasaDaka User", "content_type": 7, "codename": "add_kasadakauser"}}, {"model": "auth.permission", "pk": 26, "fields": {"name": "Can change KasaDaka User", "content_type": 7, "codename": "change_kasadakauser"}}, {"model": "auth.permission", "pk": 27, "fields": {"name": "Can delete KasaDaka User", "content_type": 7, "codename": "delete_kasadakauser"}}, {"model": "auth.permission", "pk": 28, "fields": {"name": "Can view KasaDaka User", "content_type": 7, "codename": "view_kasadakauser"}}, {"model": "auth.permission", "pk": 29, "fields": {"name": "Can add Call Session", "content_type": 8, "codename": "add_callsession"}}, {"model": "auth.permission", "pk": 30, "fields": {"name": "Can change Call Session", "content_type": 8, "codename": "change_callsession"}}, {"model": "auth.permission", "pk": 31, "fields": {"name": "Can delete Call Session", "content_type": 8, "codename": "delete_callsession"}}, {"model": "auth.permission", "pk": 32, "fields": {"name": "Can view Call Session", "content_type": 8, "codename": "view_callsession"}}, {"model": "auth.permission", "pk": 33, "fields": {"name": "Can add Call Session Step", "content_type": 9, "codename": "add_callsessionstep"}}, {"model": "auth.permission", "pk": 34, "fields": {"name": "Can change Call Session Step", "content_type": 9, "codename": "change_callsessionstep"}}, {"model": "auth.permission", "pk": 35, "fields": {"name": "Can delete Call Session Step", "content_type": 9, "codename": "delete_callsessionstep"}}, {"model": "auth.permission", "pk": 36, "fields": {"name": "Can view Call Session Step", "content_type": 9, "codename": "view_callsessionstep"}}, {"model": "auth.permission", "pk": 37, "fields": {"name": "Can add Choice Element", "content_type": 10, "codename": "add_choice"}}, {"model": "auth.permission", "pk": 38, "fields": {"name": "Can change Choice Element", "content_type": 10, "codename": "change_choice"}}, {"model": "auth.permission", "pk": 39, "fields": {"name": "Can delete Choice Element", "content_type": 10, "codename": "delete_choice"}}, {"model": "auth.permission", "pk": 40, "fields": {"name": "Can view Choice Element", "content_type": 10, "codename": "view_choice"}}, {"model": "auth.permission", "pk": 41, "fields": {"name": "Can add Voice Service", "content_type": 11, "codename": "add_choiceoption"}}, {"model": "auth.permission", "pk": 42, "fields": {"name": "Can change Voice Service", "content_type": 11, "codename": "change_choiceoption"}}, {"model": "auth.permission", "pk": 43, "fields": {"name": "Can delete Voice Service", "content_type": 11, "codename": "delete_choiceoption"}}, {"model": "auth.permission", "pk": 44, "fields": {"name": "Can view Voice Service", "content_type": 11, "codename": "view_choiceoption"}}, {"model": "auth.permission", "pk": 45, "fields": {"name": "Can add Message Presentation Element", "content_type": 12, "codename": "add_messagepresentation"}}, {"model": "auth.permission", "pk": 46, "fields": {"name": "Can change Message Presentation Element", "content_type": 12, "codename": "change_messagepresentation"}}, {"model": "auth.permission", "pk": 47, "fields": {"name": "Can delete Message Presentation Element", "content_type": 12, "codename": "delete_messagepresentation"}}, {"model": "auth.permission", "pk": 48, "fields": {"name": "Can view Message Presentation Element", "content_type": 12, "codename": "view_messagepresentation"}}, {"model": "auth.permission", "pk": 49, "fields": {"name": "Can add User Input Category", "content_type": 13, "codename": "add_userinputcategory"}}, {"model": "auth.permission", "pk": 50, "fields": {"name": "Can change User Input Category", "content_type": 13, "codename": "change_userinputcategory"}}, {"model": "auth.permission", "pk": 51, "fields": {"name": "Can delete User Input Category", "content_type": 13, "codename": "delete_userinputcategory"}}, {"model": "auth.permission", "pk": 52, "fields": {"name": "Can view User Input Category", "content_type": 13, "codename": "view_userinputcategory"}}, {"model": "auth.permission", "pk": 53, "fields": {"name": "Can add Spoken User Input", "content_type": 14, "codename": "add_spokenuserinput"}}, {"model": "auth.permission", "pk": 54, "fields": {"name": "Can change Spoken User Input", "content_type": 14, "codename": "change_spokenuserinput"}}, {"model": "auth.permission", "pk": 55, "fields": {"name": "Can delete Spoken User Input", "content_type": 14, "codename": "delete_spokenuserinput"}}, {"model": "auth.permission", "pk": 56, "fields": {"name": "Can view Spoken User Input", "content_type": 14, "codename": "view_spokenuserinput"}}, {"model": "auth.permission", "pk": 57, "fields": {"name": "Can add Spoken Input Element", "content_type": 15, "codename": "add_record"}}, {"model": "auth.permission", "pk": 58, "fields": {"name": "Can change Spoken Input Element", "content_type": 15, "codename": "change_record"}}, {"model": "auth.permission", "pk": 59, "fields": {"name": "Can delete Spoken Input Element", "content_type": 15, "codename": "delete_record"}}, {"model": "auth.permission", "pk": 60, "fields": {"name": "Can view Spoken Input Element", "content_type": 15, "codename": "view_record"}}, {"model": "auth.permission", "pk": 61, "fields": {"name": "Can add log entry", "content_type": 16, "codename": "add_logentry"}}, {"model": "auth.permission", "pk": 62, "fields": {"name": "Can change log entry", "content_type": 16, "codename": "change_logentry"}}, {"model": "auth.permission", "pk": 63, "fields": {"name": "Can delete log entry", "content_type": 16, "codename": "delete_logentry"}}, {"model": "auth.permission", "pk": 64, "fields": {"name": "Can view log entry", "content_type": 16, "codename": "view_logentry"}}, {"model": "auth.permission", "pk": 65, "fields": {"name": "Can add permission", "content_type": 17, "codename": "add_permission"}}, {"model": "auth.permission", "pk": 66, "fields": {"name": "Can change permission", "content_type": 17, "codename": "change_permission"}}, {"model": "auth.permission", "pk": 67, "fields": {"name": "Can delete permission", "content_type": 17, "codename": "delete_permission"}}, {"model": "auth.permission", "pk": 68, "fields": {"name": "Can view permission", "content_type": 17, "codename": "view_permission"}}, {"model": "auth.permission", "pk": 69, "fields": {"name": "Can add group", "content_type": 18, "codename": "add_group"}}, {"model": "auth.permission", "pk": 70, "fields": {"name": "Can change group", "content_type": 18, "codename": "change_group"}}, {"model": "auth.permission", "pk": 71, "fields": {"name": "Can delete group", "content_type": 18, "codename": "delete_group"}}, {"model": "auth.permission", "pk": 72, "fields": {"name": "Can view group", "content_type": 18, "codename": "view_group"}}, {"model": "auth.permission", "pk": 73, "fields": {"name": "Can add user", "content_type": 19, "codename": "add_user"}}, {"model": "auth.permission", "pk": 74, "fields": {"name": "Can change user", "content_type": 19, "codename": "change_user"}}, {"model": "auth.permission", "pk": 75, "fields": {"name": "Can delete user", "content_type": 19, "codename": "delete_user"}}, {"model": "auth.permission", "pk": 76, "fields": {"name": "Can view user", "content_type": 19, "codename": "view_user"}}, {"model": "auth.permission", "pk": 77, "fields": {"name": "Can add content type", "content_type": 20, "codename": "add_contenttype"}}, {"model": "auth.permission", "pk": 78, "fields": {"name": "Can change content type", "content_type": 20, "codename": "change_contenttype"}}, {"model": "auth.permission", "pk": 79, "fields": {"name": "Can delete content type", "content_type": 20, "codename": "delete_contenttype"}}, {"model": "auth.permission", "pk": 80, "fields": {"name": "Can view content type", "content_type": 20, "codename": "view_contenttype"}}, {"model": "auth.permission", "pk": 81, "fields": {"name": "Can add session", "content_type": 21, "codename": "add_session"}}, {"model": "auth.permission", "pk": 82, "fields": {"name": "Can change session", "content_type": 21, "codename": "change_session"}}, {"model": "auth.permission", "pk": 83, "fields": {"name": "Can delete session", "content_type": 21, "codename": "delete_session"}}, {"model": "auth.permission", "pk": 84, "fields": {"name": "Can view session", "content_type": 21, "codename": "view_session"}}, {"model": "auth.permission", "pk": 85, "fields": {"name": "Can add Input Element", "content_type": 22, "codename": "add_inputdata"}}, {"model": "auth.permission", "pk": 86, "fields": {"name": "Can change Input Element", "content_type": 22, "codename": "change_inputdata"}}, {"model": "auth.permission", "pk": 87, "fields": {"name": "Can delete Input Element", "content_type": 22, "codename": "delete_inputdata"}}, {"model": "auth.permission", "pk": 88, "fields": {"name": "Can view Input Element", "content_type": 22, "codename": "view_inputdata"}}, {"model": "auth.permission", "pk": 89, "fields": {"name": "Can add Spoken User Input", "content_type": 23, "codename": "add_userinput"}}, {"model": "auth.permission", "pk": 90, "fields": {"name": "Can change Spoken User Input", "content_type": 23, "codename": "change_userinput"}}, {"model": "auth.permission", "pk": 91, "fields": {"name": "Can delete Spoken User Input", "content_type": 23, "codename": "delete_userinput"}}, {"model": "auth.permission", "pk": 92, "fields": {"name": "Can view Spoken User Input", "content_type": 23, "codename": "view_userinput"}}, {"model": "auth.user", "pk": 1, "fields": {"password": "pbkdf2_sha256$120000$lBIBfRx1zWPc$w5UYQiTkEssD0Lt8skagYdaNgAxJsB3UONh1c6Wb4WQ=", "last_login": "2019-03-15T17:46:07.422Z", "is_superuser": true, "username": "natas", "first_name": "", "last_name": "", "email": "n.mooij@student.vu.nl", "is_staff": true, "is_active": true, "date_joined": "2019-03-01T15:59:28.877Z", "groups": [], "user_permissions": []}}, {"model": "admin.logentry", "pk": 1, "fields": {"action_time": "2019-03-04T11:57:50.165Z", "user": 1, "content_type": 6, "object_id": "1", "object_repr": "Voice Service: King's truth checker", "action_flag": 2, "change_message": "[{\"changed\": {\"fields\": [\"active\"]}}]"}}, {"model": "admin.logentry", "pk": 2, "fields": {"action_time": "2019-03-08T12:08:14.484Z", "user": 1, "content_type": 6, "object_id": "1", "object_repr": "Voice Service: King's truth checker", "action_flag": 2, "change_message": "[{\"changed\": {\"fields\": [\"active\"]}}]"}}, {"model": "admin.logentry", "pk": 3, "fields": {"action_time": "2019-03-08T12:09:15.678Z", "user": 1, "content_type": 6, "object_id": "2", "object_repr": "Voice Service: Petrichor", "action_flag": 1, "change_message": "[{\"added\": {}}]"}}, {"model": "admin.logentry", "pk": 4, "fields": {"action_time": "2019-03-08T12:10:22.311Z", "user": 1, "content_type": 10, "object_id": "2", "object_repr": "Does the king like to drink beer?", "action_flag": 2, "change_message": "[]"}}, {"model": "admin.logentry", "pk": 5, "fields": {"action_time": "2019-03-08T12:12:28.090Z", "user": 1, "content_type": 1, "object_id": "26", "object_repr": "Voice Label: Explanation", "action_flag": 1, "change_message": "[{\"added\": {}}, {\"added\": {\"name\": \"Voice Fragment\", \"object\": \"Voice Fragment: (Nederlands) Explanation\"}}, {\"added\": {\"name\": \"Voice Fragment\", \"object\": \"Voice Fragment: (English) Explanation\"}}]"}}, {"model": "admin.logentry", "pk": 6, "fields": {"action_time": "2019-03-08T12:13:16.960Z", "user": 1, "content_type": 10, "object_id": "8", "object_repr": "Would you like some explanation?", "action_flag": 1, "change_message": "[{\"added\": {}}, {\"added\": {\"name\": \"Voice Service\", \"object\": \"(Would you like some explanation?): Yes\"}}, {\"added\": {\"name\": \"Voice Service\", \"object\": \"(Would you like some explanation?): No\"}}]"}}, {"model": "admin.logentry", "pk": 7, "fields": {"action_time": "2019-03-08T12:15:23.319Z", "user": 1, "content_type": 10, "object_id": "8", "object_repr": "Would you like some explanation?", "action_flag": 3, "change_message": ""}}, {"model": "admin.logentry", "pk": 8, "fields": {"action_time": "2019-03-08T12:57:41.292Z", "user": 1, "content_type": 6, "object_id": "2", "object_repr": "Voice Service: Petrichor", "action_flag": 3, "change_message": ""}}, {"model": "admin.logentry", "pk": 9, "fields": {"action_time": "2019-03-08T12:58:11.873Z", "user": 1, "content_type": 6, "object_id": "3", "object_repr": "Voice Service: Petrichor", "action_flag": 1, "change_message": "[{\"added\": {}}]"}}, {"model": "admin.logentry", "pk": 10, "fields": {"action_time": "2019-03-08T12:58:55.674Z", "user": 1, "content_type": 1, "object_id": "26", "object_repr": "Voice Label: Explanation", "action_flag": 3, "change_message": ""}}, {"model": "admin.logentry", "pk": 11, "fields": {"action_time": "2019-03-08T12:59:22.821Z", "user": 1, "content_type": 1, "object_id": "27", "object_repr": "Voice Label: Explanation", "action_flag": 1, "change_message": "[{\"added\": {}}, {\"added\": {\"name\": \"Voice Fragment\", \"object\": \"Voice Fragment: (English) Explanation\"}}]"}}, {"model": "admin.logentry", "pk": 12, "fields": {"action_time": "2019-03-08T13:01:33.639Z", "user": 1, "content_type": 1, "object_id": "28", "object_repr": "Voice Label: Would you like some explanation?", "action_flag": 1, "change_message": "[{\"added\": {}}, {\"added\": {\"name\": \"Voice Fragment\", \"object\": \"Voice Fragment: (English) Would you like some explanation?\"}}]"}}, {"model": "admin.logentry", "pk": 13, "fields": {"action_time": "2019-03-08T13:02:03.309Z", "user": 1, "content_type": 1, "object_id": "29", "object_repr": "Voice Label: Would you like to cancel the call?", "action_flag": 1, "change_message": "[{\"added\": {}}, {\"added\": {\"name\": \"Voice Fragment\", \"object\": \"Voice Fragment: (English) Would you like to cancel the call?\"}}]"}}, {"model": "admin.logentry", "pk": 14, "fields": {"action_time": "2019-03-08T13:02:29.962Z", "user": 1, "content_type": 1, "object_id": "30", "object_repr": "Voice Label: Please fill in the amount of fallen rain", "action_flag": 1, "change_message": "[{\"added\": {}}, {\"added\": {\"name\": \"Voice Fragment\", \"object\": \"Voice Fragment: (English) Please fill in the amount of fallen rain\"}}]"}}, {"model": "admin.logentry", "pk": 15, "fields": {"action_time": "2019-03-08T13:02:58.806Z", "user": 1, "content_type": 1, "object_id": "31", "object_repr": "Voice Label: Please fill in your Farmer ID", "action_flag": 1, "change_message": "[{\"added\": {}}, {\"added\": {\"name\": \"Voice Fragment\", \"object\": \"Voice Fragment: (English) Please fill in your Farmer ID\"}}]"}}, {"model": "admin.logentry", "pk": 16, "fields": {"action_time": "2019-03-08T13:03:22.973Z", "user": 1, "content_type": 1, "object_id": "32", "object_repr": "Voice Label: You have already filled something in", "action_flag": 1, "change_message": "[{\"added\": {}}, {\"added\": {\"name\": \"Voice Fragment\", \"object\": \"Voice Fragment: (English) You have already filled something in\"}}]"}}, {"model": "admin.logentry", "pk": 17, "fields": {"action_time": "2019-03-08T13:04:53.894Z", "user": 1, "content_type": 1, "object_id": "32", "object_repr": "Voice Label: You have already filled something in", "action_flag": 2, "change_message": "[{\"changed\": {\"name\": \"Voice Fragment\", \"object\": \"Voice Fragment: (English) You have already filled something in\", \"fields\": [\"audio\"]}}]"}}, {"model": "admin.logentry", "pk": 18, "fields": {"action_time": "2019-03-08T13:05:09.399Z", "user": 1, "content_type": 1, "object_id": "31", "object_repr": "Voice Label: Please fill in your Farmer ID", "action_flag": 2, "change_message": "[{\"changed\": {\"name\": \"Voice Fragment\", \"object\": \"Voice Fragment: (English) Please fill in your Farmer ID\", \"fields\": [\"audio\"]}}]"}}, {"model": "admin.logentry", "pk": 19, "fields": {"action_time": "2019-03-08T13:07:26.286Z", "user": 1, "content_type": 10, "object_id": "11", "object_repr": "Would you like some explanation?", "action_flag": 1, "change_message": "[{\"added\": {}}, {\"added\": {\"name\": \"Voice Service\", \"object\": \"(Would you like some explanation?): Yes\"}}, {\"added\": {\"name\": \"Voice Service\", \"object\": \"(Would you like some explanation?): No\"}}]"}}, {"model": "admin.logentry", "pk": 20, "fields": {"action_time": "2019-03-08T13:08:11.375Z", "user": 1, "content_type": 10, "object_id": "14", "object_repr": "Explanation", "action_flag": 1, "change_message": "[{\"added\": {}}]"}}, {"model": "admin.logentry", "pk": 21, "fields": {"action_time": "2019-03-08T13:08:26.412Z", "user": 1, "content_type": 10, "object_id": "11", "object_repr": "Would you like some explanation?", "action_flag": 2, "change_message": "[{\"changed\": {\"name\": \"Voice Service\", \"object\": \"(Would you like some explanation?): Yes\", \"fields\": [\"_redirect\"]}}]"}}, {"model": "admin.logentry", "pk": 22, "fields": {"action_time": "2019-03-08T13:20:54.402Z", "user": 1, "content_type": 10, "object_id": "14", "object_repr": "Explanation", "action_flag": 3, "change_message": ""}}, {"model": "admin.logentry", "pk": 23, "fields": {"action_time": "2019-03-08T13:23:56.464Z", "user": 1, "content_type": 1, "object_id": "33", "object_repr": "Voice Label: Thank you for registering your rain", "action_flag": 1, "change_message": "[{\"added\": {}}, {\"added\": {\"name\": \"Voice Fragment\", \"object\": \"Voice Fragment: (English) Thank you for registering your rain\"}}]"}}, {"model": "admin.logentry", "pk": 24, "fields": {"action_time": "2019-03-08T13:24:18.326Z", "user": 1, "content_type": 1, "object_id": "34", "object_repr": "Voice Label: What would you like to do next?", "action_flag": 1, "change_message": "[{\"added\": {}}, {\"added\": {\"name\": \"Voice Fragment\", \"object\": \"Voice Fragment: (English) What would you like to do next?\"}}]"}}, {"model": "admin.logentry", "pk": 25, "fields": {"action_time": "2019-03-08T16:40:54.913Z", "user": 1, "content_type": 10, "object_id": "11", "object_repr": "Would you like some explanation?", "action_flag": 2, "change_message": "[]"}}, {"model": "admin.logentry", "pk": 26, "fields": {"action_time": "2019-03-08T16:42:20.129Z", "user": 1, "content_type": 10, "object_id": "15", "object_repr": "What would you like to do next?", "action_flag": 1, "change_message": "[{\"added\": {}}, {\"added\": {\"name\": \"Voice Service\", \"object\": \"(What would you like to do next?): som\"}}, {\"added\": {\"name\": \"Voice Service\", \"object\": \"(What would you like to do next?): thng\"}}]"}}, {"model": "admin.logentry", "pk": 27, "fields": {"action_time": "2019-03-08T16:44:59.852Z", "user": 1, "content_type": 12, "object_id": "18", "object_repr": "Message: Read explanation", "action_flag": 1, "change_message": "[{\"added\": {}}]"}}, {"model": "admin.logentry", "pk": 28, "fields": {"action_time": "2019-03-08T16:49:09.801Z", "user": 1, "content_type": 12, "object_id": "19", "object_repr": "Message: Fill in Farmer ID", "action_flag": 1, "change_message": "[{\"added\": {}}]"}}, {"model": "admin.logentry", "pk": 29, "fields": {"action_time": "2019-03-08T16:49:29.276Z", "user": 1, "content_type": 12, "object_id": "20", "object_repr": "Message: Fill in amount of rain", "action_flag": 1, "change_message": "[{\"added\": {}}]"}}, {"model": "admin.logentry", "pk": 30, "fields": {"action_time": "2019-03-08T16:50:05.401Z", "user": 1, "content_type": 12, "object_id": "21", "object_repr": "Message: Thank you for registering your rain", "action_flag": 1, "change_message": "[{\"added\": {}}]"}}, {"model": "admin.logentry", "pk": 31, "fields": {"action_time": "2019-03-08T16:51:10.992Z", "user": 1, "content_type": 10, "object_id": "11", "object_repr": "Would you like some explanation?", "action_flag": 2, "change_message": "[{\"changed\": {\"name\": \"Voice Service\", \"object\": \"(Would you like some explanation?): Yes\", \"fields\": [\"_redirect\"]}}, {\"changed\": {\"name\": \"Voice Service\", \"object\": \"(Would you like some explanation?): No\", \"fields\": [\"_redirect\"]}}]"}}, {"model": "admin.logentry", "pk": 32, "fields": {"action_time": "2019-03-08T16:52:13.896Z", "user": 1, "content_type": 10, "object_id": "15", "object_repr": "What would you like to do next?", "action_flag": 2, "change_message": "[{\"changed\": {\"name\": \"Voice Service\", \"object\": \"(What would you like to do next?): End call\", \"fields\": [\"name\", \"voice_label\"]}}]"}}, {"model": "admin.logentry", "pk": 33, "fields": {"action_time": "2019-03-08T16:53:26.150Z", "user": 1, "content_type": 10, "object_id": "22", "object_repr": "Do you want to end the call?", "action_flag": 1, "change_message": "[{\"added\": {}}, {\"added\": {\"name\": \"Voice Service\", \"object\": \"(Do you want to end the call?): Yes\"}}, {\"added\": {\"name\": \"Voice Service\", \"object\": \"(Do you want to end the call?): No\"}}]"}}, {"model": "admin.logentry", "pk": 34, "fields": {"action_time": "2019-03-08T16:54:28.334Z", "user": 1, "content_type": 12, "object_id": "18", "object_repr": "Message: Read explanation", "action_flag": 2, "change_message": "[{\"changed\": {\"fields\": [\"_redirect\"]}}]"}}, {"model": "admin.logentry", "pk": 35, "fields": {"action_time": "2019-03-08T16:55:19.571Z", "user": 1, "content_type": 10, "object_id": "15", "object_repr": "What would you like to do next?", "action_flag": 2, "change_message": "[{\"added\": {\"name\": \"Voice Service\", \"object\": \"(What would you like to do next?): Listen to explanation\"}}, {\"changed\": {\"name\": \"Voice Service\", \"object\": \"(What would you like to do next?): Fill in data\", \"fields\": [\"name\", \"voice_label\"]}}]"}}, {"model": "admin.logentry", "pk": 36, "fields": {"action_time": "2019-03-08T16:59:17.822Z", "user": 1, "content_type": 1, "object_id": "35", "object_repr": "Voice Label: Listen to explanation again", "action_flag": 1, "change_message": "[{\"added\": {}}, {\"added\": {\"name\": \"Voice Fragment\", \"object\": \"Voice Fragment: (English) Listen to explanation again\"}}]"}}, {"model": "admin.logentry", "pk": 37, "fields": {"action_time": "2019-03-08T16:59:33.989Z", "user": 1, "content_type": 10, "object_id": "15", "object_repr": "What would you like to do next?", "action_flag": 2, "change_message": "[{\"changed\": {\"name\": \"Voice Service\", \"object\": \"(What would you like to do next?): Listen to explanation\", \"fields\": [\"voice_label\"]}}]"}}, {"model": "admin.logentry", "pk": 38, "fields": {"action_time": "2019-03-08T17:00:13.118Z", "user": 1, "content_type": 12, "object_id": "18", "object_repr": "Message: Read explanation", "action_flag": 2, "change_message": "[]"}}, {"model": "admin.logentry", "pk": 39, "fields": {"action_time": "2019-03-08T17:27:31.950Z", "user": 1, "content_type": 1, "object_id": "36", "object_repr": "Voice Label: Stop call", "action_flag": 1, "change_message": "[{\"added\": {}}, {\"added\": {\"name\": \"Voice Fragment\", \"object\": \"Voice Fragment: (English) Stop call\"}}]"}}, {"model": "admin.logentry", "pk": 40, "fields": {"action_time": "2019-03-08T17:27:36.465Z", "user": 1, "content_type": 12, "object_id": "26", "object_repr": "Message: End Call", "action_flag": 1, "change_message": "[{\"added\": {}}]"}}, {"model": "admin.logentry", "pk": 41, "fields": {"action_time": "2019-03-08T17:27:42.510Z", "user": 1, "content_type": 10, "object_id": "15", "object_repr": "What would you like to do next?", "action_flag": 2, "change_message": "[{\"changed\": {\"name\": \"Voice Service\", \"object\": \"(What would you like to do next?): End call\", \"fields\": [\"_redirect\"]}}, {\"changed\": {\"name\": \"Voice Service\", \"object\": \"(What would you like to do next?): Fill in data\", \"fields\": [\"_redirect\"]}}, {\"changed\": {\"name\": \"Voice Service\", \"object\": \"(What would you like to do next?): Listen to explanation\", \"fields\": [\"voice_label\", \"_redirect\"]}}]"}}, {"model": "admin.logentry", "pk": 42, "fields": {"action_time": "2019-03-08T17:28:39.923Z", "user": 1, "content_type": 10, "object_id": "15", "object_repr": "What would you like to do next?", "action_flag": 2, "change_message": "[{\"changed\": {\"name\": \"Voice Service\", \"object\": \"(What would you like to do next?): Stop call\", \"fields\": [\"name\", \"voice_label\", \"_redirect\"]}}]"}}, {"model": "admin.logentry", "pk": 43, "fields": {"action_time": "2019-03-08T17:29:12.680Z", "user": 1, "content_type": 10, "object_id": "22", "object_repr": "Do you want to end the call?", "action_flag": 2, "change_message": "[{\"changed\": {\"name\": \"Voice Service\", \"object\": \"(Do you want to end the call?): Yes\", \"fields\": [\"_redirect\"]}}]"}}, {"model": "admin.logentry", "pk": 44, "fields": {"action_time": "2019-03-08T17:29:49.840Z", "user": 1, "content_type": 10, "object_id": "15", "object_repr": "What would you like to do next?", "action_flag": 2, "change_message": "[{\"changed\": {\"name\": \"Voice Service\", \"object\": \"(What would you like to do next?): Stop call\", \"fields\": [\"_redirect\"]}}]"}}, {"model": "admin.logentry", "pk": 45, "fields": {"action_time": "2019-03-08T17:30:08.502Z", "user": 1, "content_type": 10, "object_id": "22", "object_repr": "Do you want to end the call?", "action_flag": 2, "change_message": "[{\"changed\": {\"name\": \"Voice Service\", \"object\": \"(Do you want to end the call?): No\", \"fields\": [\"_redirect\"]}}]"}}, {"model": "admin.logentry", "pk": 46, "fields": {"action_time": "2019-03-08T17:30:58.978Z", "user": 1, "content_type": 12, "object_id": "19", "object_repr": "Message: Fill in Farmer ID", "action_flag": 2, "change_message": "[{\"changed\": {\"fields\": [\"_redirect\"]}}]"}}, {"model": "admin.logentry", "pk": 47, "fields": {"action_time": "2019-03-08T17:31:14.103Z", "user": 1, "content_type": 12, "object_id": "20", "object_repr": "Message: Fill in amount of rain", "action_flag": 2, "change_message": "[{\"changed\": {\"fields\": [\"_redirect\"]}}]"}}, {"model": "admin.logentry", "pk": 48, "fields": {"action_time": "2019-03-08T17:31:35.282Z", "user": 1, "content_type": 12, "object_id": "21", "object_repr": "Message: Thank you for registering your rain", "action_flag": 2, "change_message": "[{\"changed\": {\"fields\": [\"_redirect\"]}}]"}}, {"model": "admin.logentry", "pk": 49, "fields": {"action_time": "2019-03-08T17:33:44.867Z", "user": 1, "content_type": 12, "object_id": "27", "object_repr": "Message: You have already filled something in", "action_flag": 1, "change_message": "[{\"added\": {}}]"}}, {"model": "admin.logentry", "pk": 50, "fields": {"action_time": "2019-03-08T17:37:51.977Z", "user": 1, "content_type": 1, "object_id": "37", "object_repr": "Voice Label: Reminder", "action_flag": 1, "change_message": "[{\"added\": {}}, {\"added\": {\"name\": \"Voice Fragment\", \"object\": \"Voice Fragment: (English) Reminder\"}}]"}}, {"model": "admin.logentry", "pk": 51, "fields": {"action_time": "2019-03-08T17:38:02.191Z", "user": 1, "content_type": 12, "object_id": "28", "object_repr": "Message: Reminder", "action_flag": 1, "change_message": "[{\"added\": {}}]"}}, {"model": "admin.logentry", "pk": 52, "fields": {"action_time": "2019-03-08T17:40:40.037Z", "user": 1, "content_type": 1, "object_id": "35", "object_repr": "Voice Label: Listen to explanation", "action_flag": 2, "change_message": "[{\"changed\": {\"fields\": [\"name\"]}}, {\"changed\": {\"name\": \"Voice Fragment\", \"object\": \"Voice Fragment: (English) Listen to explanation\", \"fields\": [\"audio\"]}}]"}}, {"model": "admin.logentry", "pk": 53, "fields": {"action_time": "2019-03-08T17:41:23.303Z", "user": 1, "content_type": 12, "object_id": "18", "object_repr": "Message: Read explanation", "action_flag": 2, "change_message": "[]"}}, {"model": "admin.logentry", "pk": 54, "fields": {"action_time": "2019-03-08T18:29:15.455Z", "user": 1, "content_type": 6, "object_id": "3", "object_repr": "Voice Service: Petrichor", "action_flag": 2, "change_message": "[{\"changed\": {\"fields\": [\"_start_element\"]}}]"}}, {"model": "admin.logentry", "pk": 55, "fields": {"action_time": "2019-03-08T18:30:57.248Z", "user": 1, "content_type": 1, "object_id": "34", "object_repr": "Voice Label: What would you like to do next?", "action_flag": 2, "change_message": "[{\"changed\": {\"name\": \"Voice Fragment\", \"object\": \"Voice Fragment: (English) What would you like to do next?\", \"fields\": [\"audio\"]}}]"}}, {"model": "admin.logentry", "pk": 56, "fields": {"action_time": "2019-03-08T18:31:08.028Z", "user": 1, "content_type": 1, "object_id": "34", "object_repr": "Voice Label: What would you like to do?", "action_flag": 2, "change_message": "[{\"changed\": {\"fields\": [\"name\"]}}]"}}, {"model": "admin.logentry", "pk": 57, "fields": {"action_time": "2019-03-08T18:31:10.742Z", "user": 1, "content_type": 10, "object_id": "15", "object_repr": "What would you like to do next?", "action_flag": 2, "change_message": "[]"}}, {"model": "admin.logentry", "pk": 58, "fields": {"action_time": "2019-03-08T18:31:23.193Z", "user": 1, "content_type": 10, "object_id": "15", "object_repr": "What would you like to do?", "action_flag": 2, "change_message": "[{\"changed\": {\"fields\": [\"name\"]}}]"}}, {"model": "admin.logentry", "pk": 59, "fields": {"action_time": "2019-03-08T18:32:15.895Z", "user": 1, "content_type": 1, "object_id": "21", "object_repr": "Voice Label: Yes", "action_flag": 2, "change_message": "[{\"changed\": {\"name\": \"Voice Fragment\", \"object\": \"Voice Fragment: (English) Yes\", \"fields\": [\"audio\"]}}]"}}, {"model": "admin.logentry", "pk": 60, "fields": {"action_time": "2019-03-08T18:32:28.705Z", "user": 1, "content_type": 1, "object_id": "22", "object_repr": "Voice Label: No", "action_flag": 2, "change_message": "[{\"changed\": {\"name\": \"Voice Fragment\", \"object\": \"Voice Fragment: (English) No\", \"fields\": [\"audio\"]}}]"}}, {"model": "admin.logentry", "pk": 61, "fields": {"action_time": "2019-03-08T18:32:31.045Z", "user": 1, "content_type": 10, "object_id": "11", "object_repr": "Would you like some explanation?", "action_flag": 2, "change_message": "[]"}}, {"model": "admin.logentry", "pk": 62, "fields": {"action_time": "2019-03-10T19:21:13.521Z", "user": 1, "content_type": 1, "object_id": "38", "object_repr": "Voice Label: Or would you like to order your input?", "action_flag": 1, "change_message": "[{\"added\": {}}, {\"added\": {\"name\": \"Voice Fragment\", \"object\": \"Voice Fragment: (English) Or would you like to order your input?\"}}]"}}, {"model": "admin.logentry", "pk": 63, "fields": {"action_time": "2019-03-10T19:22:14.824Z", "user": 1, "content_type": 1, "object_id": "38", "object_repr": "Voice Label: Or would you like to alter your input?", "action_flag": 2, "change_message": "[{\"changed\": {\"fields\": [\"name\"]}}]"}}, {"model": "admin.logentry", "pk": 64, "fields": {"action_time": "2019-03-10T19:23:34.648Z", "user": 1, "content_type": 1, "object_id": "39", "object_repr": "Voice Label: Alter input", "action_flag": 1, "change_message": "[{\"added\": {}}, {\"added\": {\"name\": \"Voice Fragment\", \"object\": \"Voice Fragment: (English) Alter input\"}}]"}}, {"model": "admin.logentry", "pk": 65, "fields": {"action_time": "2019-03-10T19:23:52.639Z", "user": 1, "content_type": 12, "object_id": "27", "object_repr": "Message: You have already filled something in", "action_flag": 2, "change_message": "[]"}}, {"model": "admin.logentry", "pk": 66, "fields": {"action_time": "2019-03-10T19:24:18.876Z", "user": 1, "content_type": 12, "object_id": "29", "object_repr": "Message: Alter input", "action_flag": 1, "change_message": "[{\"added\": {}}]"}}, {"model": "admin.logentry", "pk": 67, "fields": {"action_time": "2019-03-10T19:24:31.285Z", "user": 1, "content_type": 12, "object_id": "27", "object_repr": "Message: You have already filled something in", "action_flag": 2, "change_message": "[]"}}, {"model": "admin.logentry", "pk": 68, "fields": {"action_time": "2019-03-10T19:25:42.804Z", "user": 1, "content_type": 12, "object_id": "29", "object_repr": "Message: Alter input", "action_flag": 3, "change_message": ""}}, {"model": "admin.logentry", "pk": 69, "fields": {"action_time": "2019-03-10T19:26:10.810Z", "user": 1, "content_type": 10, "object_id": "30", "object_repr": "Or would you like to alter your input?", "action_flag": 1, "change_message": "[{\"added\": {}}, {\"added\": {\"name\": \"Voice Service\", \"object\": \"(Or would you like to alter your input?): Alter input\"}}, {\"added\": {\"name\": \"Voice Service\", \"object\": \"(Or would you like to alter your input?): End Call\"}}]"}}, {"model": "admin.logentry", "pk": 70, "fields": {"action_time": "2019-03-10T19:26:52.572Z", "user": 1, "content_type": 12, "object_id": "27", "object_repr": "Message: You have already filled something in", "action_flag": 2, "change_message": "[]"}}, {"model": "admin.logentry", "pk": 71, "fields": {"action_time": "2019-03-10T19:26:58.035Z", "user": 1, "content_type": 12, "object_id": "27", "object_repr": "Message: You have already filled something in", "action_flag": 2, "change_message": "[{\"changed\": {\"fields\": [\"_redirect\"]}}]"}}, {"model": "admin.logentry", "pk": 72, "fields": {"action_time": "2019-03-10T19:28:29.744Z", "user": 1, "content_type": 10, "object_id": "30", "object_repr": "Or would you like to alter your input?", "action_flag": 2, "change_message": "[]"}}, {"model": "admin.logentry", "pk": 73, "fields": {"action_time": "2019-03-11T11:04:19.108Z", "user": 1, "content_type": 6, "object_id": "3", "object_repr": "Voice Service: Petrichor", "action_flag": 2, "change_message": "[{\"changed\": {\"fields\": [\"registration_language\"]}}]"}}, {"model": "admin.logentry", "pk": 74, "fields": {"action_time": "2019-03-14T12:30:28.731Z", "user": 1, "content_type": 1, "object_id": "38", "object_repr": "Voice Label: Or would you like to alter your input?", "action_flag": 2, "change_message": "[{\"changed\": {\"name\": \"Voice Fragment\", \"object\": \"Voice Fragment: (English) Or would you like to alter your input?\", \"fields\": [\"audio\"]}}]"}}, {"model": "admin.logentry", "pk": 75, "fields": {"action_time": "2019-03-14T12:31:42.075Z", "user": 1, "content_type": 1, "object_id": "34", "object_repr": "Voice Label: What would you like to do?", "action_flag": 2, "change_message": "[{\"changed\": {\"name\": \"Voice Fragment\", \"object\": \"Voice Fragment: (English) What would you like to do?\", \"fields\": [\"audio\"]}}]"}}, {"model": "admin.logentry", "pk": 76, "fields": {"action_time": "2019-03-14T12:32:46.954Z", "user": 1, "content_type": 1, "object_id": "32", "object_repr": "Voice Label: You have already filled something in", "action_flag": 2, "change_message": "[{\"changed\": {\"name\": \"Voice Fragment\", \"object\": \"Voice Fragment: (English) You have already filled something in\", \"fields\": [\"audio\"]}}]"}}, {"model": "admin.logentry", "pk": 77, "fields": {"action_time": "2019-03-14T12:33:36.231Z", "user": 1, "content_type": 1, "object_id": "28", "object_repr": "Voice Label: Would you like some explanation?", "action_flag": 2, "change_message": "[{\"changed\": {\"name\": \"Voice Fragment\", \"object\": \"Voice Fragment: (English) Would you like some explanation?\", \"fields\": [\"audio\"]}}]"}}, {"model": "admin.logentry", "pk": 78, "fields": {"action_time": "2019-03-14T12:49:56.446Z", "user": 1, "content_type": 1, "object_id": "30", "object_repr": "Voice Label: Please fill in the amount of fallen rain", "action_flag": 2, "change_message": "[{\"changed\": {\"name\": \"Voice Fragment\", \"object\": \"Voice Fragment: (English) Please fill in the amount of fallen rain\", \"fields\": [\"audio\"]}}]"}}, {"model": "admin.logentry", "pk": 79, "fields": {"action_time": "2019-03-14T12:50:16.930Z", "user": 1, "content_type": 1, "object_id": "27", "object_repr": "Voice Label: Explanation", "action_flag": 2, "change_message": "[{\"changed\": {\"name\": \"Voice Fragment\", \"object\": \"Voice Fragment: (English) Explanation\", \"fields\": [\"audio\"]}}]"}}, {"model": "admin.logentry", "pk": 80, "fields": {"action_time": "2019-03-14T12:51:01.704Z", "user": 1, "content_type": 1, "object_id": "27", "object_repr": "Voice Label: Explanation", "action_flag": 2, "change_message": "[]"}}, {"model": "admin.logentry", "pk": 81, "fields": {"action_time": "2019-03-14T14:21:09.063Z", "user": 1, "content_type": 1, "object_id": "40", "object_repr": "Voice Label: Here you can fill in your Farmer ID", "action_flag": 1, "change_message": "[{\"added\": {}}, {\"added\": {\"name\": \"Voice Fragment\", \"object\": \"Voice Fragment: (English) Here you can fill in your Farmer ID\"}}]"}}, {"model": "admin.logentry", "pk": 82, "fields": {"action_time": "2019-03-14T14:24:06.594Z", "user": 1, "content_type": 1, "object_id": "41", "object_repr": "Voice Label: Use keypad to fill Farmer ID", "action_flag": 1, "change_message": "[{\"added\": {}}, {\"added\": {\"name\": \"Voice Fragment\", \"object\": \"Voice Fragment: (English) Use keypad to fill Farmer ID\"}}]"}}, {"model": "admin.logentry", "pk": 83, "fields": {"action_time": "2019-03-14T14:25:14.903Z", "user": 1, "content_type": 1, "object_id": "42", "object_repr": "Voice Label: Ask confirmation", "action_flag": 1, "change_message": "[{\"added\": {}}, {\"added\": {\"name\": \"Voice Fragment\", \"object\": \"Voice Fragment: (English) Ask confirmation\"}}]"}}, {"model": "admin.logentry", "pk": 84, "fields": {"action_time": "2019-03-14T14:25:54.813Z", "user": 1, "content_type": 1, "object_id": "43", "object_repr": "Voice Label: Thank you for your input", "action_flag": 1, "change_message": "[{\"added\": {}}, {\"added\": {\"name\": \"Voice Fragment\", \"object\": \"Voice Fragment: (English) Thank you for your input\"}}]"}}, {"model": "admin.logentry", "pk": 85, "fields": {"action_time": "2019-03-14T14:26:07.018Z", "user": 1, "content_type": 13, "object_id": "1", "object_repr": "\"FarmerID\" (\"Petrichor\")", "action_flag": 1, "change_message": "[{\"added\": {}}]"}}, {"model": "admin.logentry", "pk": 86, "fields": {"action_time": "2019-03-14T14:26:42.796Z", "user": 1, "content_type": 22, "object_id": "33", "object_repr": "InputData: Fill in Farmer ID", "action_flag": 1, "change_message": "[{\"added\": {}}]"}}, {"model": "admin.logentry", "pk": 87, "fields": {"action_time": "2019-03-14T14:27:31.641Z", "user": 1, "content_type": 12, "object_id": "19", "object_repr": "Message: Fill in Farmer ID", "action_flag": 3, "change_message": ""}}, {"model": "admin.logentry", "pk": 88, "fields": {"action_time": "2019-03-14T14:27:41.775Z", "user": 1, "content_type": 12, "object_id": "20", "object_repr": "Message: Fill in amount of rain", "action_flag": 3, "change_message": ""}}, {"model": "admin.logentry", "pk": 89, "fields": {"action_time": "2019-03-14T14:29:24.215Z", "user": 1, "content_type": 1, "object_id": "44", "object_repr": "Voice Label: Here you can fill the amount of fallen rain", "action_flag": 1, "change_message": "[{\"added\": {}}, {\"added\": {\"name\": \"Voice Fragment\", \"object\": \"Voice Fragment: (English) Here you can fill the amount of fallen rain\"}}]"}}, {"model": "admin.logentry", "pk": 90, "fields": {"action_time": "2019-03-14T14:29:57.376Z", "user": 1, "content_type": 1, "object_id": "45", "object_repr": "Voice Label: Use keypad to fill amount of fallen rain", "action_flag": 1, "change_message": "[{\"added\": {}}, {\"added\": {\"name\": \"Voice Fragment\", \"object\": \"Voice Fragment: (English) Use keypad to fill amount of fallen rain\"}}]"}}, {"model": "admin.logentry", "pk": 91, "fields": {"action_time": "2019-03-14T14:30:13.407Z", "user": 1, "content_type": 22, "object_id": "34", "object_repr": "InputData: Please fill in the amount of fallen rain", "action_flag": 1, "change_message": "[{\"added\": {}}]"}}, {"model": "admin.logentry", "pk": 92, "fields": {"action_time": "2019-03-14T14:30:37.191Z", "user": 1, "content_type": 13, "object_id": "2", "object_repr": "\"Rain\" (\"Petrichor\")", "action_flag": 1, "change_message": "[{\"added\": {}}]"}}, {"model": "admin.logentry", "pk": 93, "fields": {"action_time": "2019-03-14T14:30:51.146Z", "user": 1, "content_type": 22, "object_id": "34", "object_repr": "InputData: Please fill in the amount of fallen rain", "action_flag": 2, "change_message": "[{\"changed\": {\"fields\": [\"ask_confirmation_voice_label\", \"final_voice_label\", \"input_category\", \"_redirect\"]}}]"}}, {"model": "admin.logentry", "pk": 94, "fields": {"action_time": "2019-03-14T14:30:57.828Z", "user": 1, "content_type": 22, "object_id": "33", "object_repr": "InputData: Fill in Farmer ID", "action_flag": 2, "change_message": "[]"}}, {"model": "admin.logentry", "pk": 95, "fields": {"action_time": "2019-03-14T14:31:32.012Z", "user": 1, "content_type": 22, "object_id": "33", "object_repr": "InputData: Fill in Farmer ID", "action_flag": 2, "change_message": "[{\"changed\": {\"fields\": [\"_redirect\"]}}]"}}, {"model": "admin.logentry", "pk": 96, "fields": {"action_time": "2019-03-14T14:31:45.383Z", "user": 1, "content_type": 22, "object_id": "34", "object_repr": "InputData: Fill in fallen rain", "action_flag": 2, "change_message": "[{\"changed\": {\"fields\": [\"name\"]}}]"}}, {"model": "admin.logentry", "pk": 97, "fields": {"action_time": "2019-03-14T16:58:00.541Z", "user": 1, "content_type": 14, "object_id": "1", "object_repr": "SpokenUserInput object (1)", "action_flag": 3, "change_message": ""}}]